{"accuracy": [0.9207792282104492, 0.9729437232017517, 0.9768398404121399, 0.984415590763092, 0.9876623153686523, 0.9846320152282715, 0.9889610409736633, 0.9876623153686523, 0.9895021915435791, 0.9896103739738464, 0.9916666746139526, 0.9924242496490479, 0.9913420081138611, 0.9910173416137695, 0.9936147332191467], "auc": [0.9774115085601807, 0.9958785176277161, 0.9966573119163513, 0.9982631206512451, 0.9988629817962646, 0.9979825019836426, 0.9988577365875244, 0.9983274340629578, 0.999184787273407, 0.9988353848457336, 0.9993880987167358, 0.9992014765739441, 0.9991811513900757, 0.9991528987884521, 0.9994366765022278], "loss": [0.19249026477336884, 0.07651335000991821, 0.06389396637678146, 0.043022722005844116, 0.035262614488601685, 0.04532907158136368, 0.03301917761564255, 0.04120341315865517, 0.029138989746570587, 0.030326705425977707, 0.022445326671004295, 0.022496026009321213, 0.02522917464375496, 0.02790513075888157, 0.021489661186933517], "precision": [0.9208369255065918, 0.9722102284431458, 0.9762930870056152, 0.98321133852005, 0.9872789978981018, 0.9832186102867126, 0.9900519251823425, 0.9885430335998535, 0.9896395206451416, 0.990064799785614, 0.9917979836463928, 0.9920223951339722, 0.9909443855285645, 0.9909384846687317, 0.9924650192260742], "recall": [0.9212343692779541, 0.973888635635376, 0.9775571823120117, 0.9857574701309204, 0.9881312251091003, 0.9861890077590942, 0.9879153966903687, 0.9868364334106445, 0.9894259572029114, 0.9892101883888245, 0.9915839433670044, 0.9928787350654602, 0.9917997121810913, 0.9911523461341858, 0.9948208928108215], "val_accuracy": [0.8355827927589417, 0.7877300381660461, 0.9116564393043518, 0.8453987836837769, 0.9435582756996155, 0.6490797400474548, 0.8527607321739197, 0.4110429584980011, 0.925153374671936, 0.9177914261817932, 0.9276073575019836, 0.9435582756996155, 0.9447852969169617, 0.8269938826560974, 0.7877300381660461], "val_auc": [0.858073890209198, 0.8141159415245056, 0.9381737112998962, 0.8441147804260254, 0.9885548949241638, 0.6397517919540405, 0.9358248114585876, 0.5165041089057922, 0.9585592746734619, 0.9466593861579895, 0.9788356423377991, 0.9796269536018372, 0.9858666658401489, 0.9466094970703125, 0.8427878022193909], "val_loss": [1.447069525718689, 8.252959251403809, 2.4377269744873047, 22.12685775756836, 0.16717645525932312, 87.74464416503906, 2.911384344100952, 260.35968017578125, 6.220247268676758, 1.5767120122909546, 0.7371148467063904, 0.2775522470474243, 0.21303293108940125, 0.827368974685669, 119.559814453125], "val_precision": [0.7929292917251587, 0.8456375598907471, 0.9515418410301208, 0.8079584836959839, 0.9718614816665649, 0.6906614899635315, 0.9972527623176575, 1.0, 0.9626373648643494, 0.9313929080963135, 0.9689579010009766, 0.9977169036865234, 0.9619450569152832, 1.0, 0.9967845678329468], "val_recall": [0.9771783947944641, 0.7842323780059814, 0.8962655663490295, 0.9688796401023865, 0.9315352439880371, 0.7365145087242126, 0.7531120181083679, 0.004149377811700106, 0.908713698387146, 0.9294605851173401, 0.9066389799118042, 0.9066389799118042, 0.9439833760261536, 0.7074688673019409, 0.6431535482406616]}